Location ID,Custom Label,Location Name,Latitude/Longitude,Owned by Current Organization,Owned By,Shared With,Devices,Other Devices,Licenses,Alert Status,Alerts,Created In
"ae72abae-2211-4e4f-80f7-6113d69528ee",,"10th  Street and 8th Ave","{""lng"":-85.1622802,""lat"":30.9576124}",true,"Ingram Signalization Inc.","","SMARTLINK;THIRD_PARTY_CAMERA",0,"DETECTION;INTERSECTION_MONITORING","CRITICAL","PERIPHERAL_UNAVAILABLE","TrafficLink"
"9bdbd95e-1f06-4abf-8dae-0b7bfc830edb",,"Berryhill Road and Berryhill Elementary School","{""lng"":-87.115944,""lat"":30.646894}",true,"Ingram Signalization Inc.","","SMARTVIEW_360",1,"DETECTION;INTERSECTION_MONITORING","CRITICAL","POWER_OFF;TELEMETRY_UNAVAILABLE","TrafficLink"
"cd4b96a3-9039-478a-bb80-3b08737c8be3",,"Brickyard Road and HWY 90","{""lng"":-84.4228421,""lat"":30.48558115}",true,"Ingram Signalization Inc.","","SMARTVIEW_360",0,"DETECTION;INTERSECTION_MONITORING","GOOD","","TrafficLink"
"c7ff1174-067b-4a6e-a213-526ae42f20eb",,"Bridlegate Drive and Crawfordville Highway","{""lng"":-84.36716058,""lat"":30.20461271}",true,"Ingram Signalization Inc.","","CORE;CORE_DCM;SMARTVIEW_360",2,"DETECTION;INTERSECTION_MONITORING","GOOD","","TrafficLink"
"cf8c0460-4c59-4a40-96fe-e635509f461a",,"Buck Lake Road and Mahan Drive","{""lng"":-84.21489878,""lat"":30.46480642}",true,"Ingram Signalization Inc.","","SMARTLINK;SMARTSENSE;SMARTVIEW_360",1,"DETECTION;INTERSECTION_MONITORING","GOOD","","TrafficLink"
"a9b3ba00-db82-4ca0-b08d-01b68e61ed02",,"Caledonia Street and SR 90","{""lng"":-85.22909,""lat"":30.774725}",true,"Ingram Signalization Inc.","","SMARTLINK",1,"DETECTION;INTERSECTION_MONITORING","GOOD","","TrafficLink"
"b3afcd7b-49b7-4f0f-a102-2f494eb62170",,"Capital Circle Southwest and Springhill Road","{""lng"":-84.32181307,""lat"":30.39380971}",true,"Ingram Signalization Inc.","","CORE;CORE_DCM;SMARTVIEW_360",1,"DETECTION;INTERSECTION_MONITORING","GOOD","","TrafficLink"
"463934ff-cb98-4b29-b535-64f28906ce1d",,"Caverns Road and Russell Road","{""lng"":-85.179016,""lat"":30.812372}",true,"Ingram Signalization Inc.","","SMARTLINK",1,"DETECTION;INTERSECTION_MONITORING","GOOD","","TrafficLink"
"5a106d75-ada6-41fb-922e-adfbf0744f62",,"Commerce Boulevard and HWY 90","{""lng"":-84.42867876,""lat"":30.49370324}",true,"Ingram Signalization Inc.","","",0,"DETECTION;INTERSECTION_MONITORING","GOOD","","TrafficLink"
"24738bf3-9350-4dd7-bff0-a546a009d91d",,"Cotton Street and 8th Avenue","{""lng"":-85.51664278,""lat"":30.95722892}",true,"Ingram Signalization Inc.","","SMARTLINK",1,"DETECTION;INTERSECTION_MONITORING","GOOD","","TrafficLink"
"bd9329ef-5a5d-49c0-b26b-2ecbf1c65c0d",,"CR 100A and Marion Avenue","{""lng"":-82.63732833,""lat"":30.20342085}",true,"Ingram Signalization Inc.","","CORE;CORE_DCM;SMARTVIEW_360",1,"DETECTION;INTERSECTION_MONITORING","GOOD","","TrafficLink"
"fa2bd016-f936-4588-8e39-6fa5a12f8f1b",,"CR 18 and US 301","{""lng"":-82.15335605,""lat"":29.86419131}",true,"Ingram Signalization Inc.","","SMARTVIEW_360",1,"DETECTION;INTERSECTION_MONITORING","GOOD","","TrafficLink"
"9115d013-e870-4082-aba6-9a0afcc6d19c",,"CR 227 and US 301","{""lng"":-82.13664734,""lat"":29.90041339}",true,"Ingram Signalization Inc.","","SMARTVIEW_360",1,"DETECTION;INTERSECTION_MONITORING","GOOD","","TrafficLink"
"fe876382-f0c9-422e-b170-04aefb8dfa25",,"CR 30 and 12th Street","{""lng"":-84.99058665,""lat"":29.72190694}",true,"Ingram Signalization Inc.","","SMARTLINK",1,"DETECTION;INTERSECTION_MONITORING","CRITICAL","PERIPHERAL_UNAVAILABLE;TELEMETRY_UNAVAILABLE;FLASHING","TrafficLink"
"8e6de12e-e974-4b29-b436-20c09d8c5f21",,"Crawfordville Highway and Bloxham Cutoff Road","{""lng"":-84.36233714,""lat"":30.26342513}",true,"Ingram Signalization Inc.","","CORE;CORE_DCM",1,"DETECTION;INTERSECTION_MONITORING","GOOD","","TrafficLink"
"e45e14a7-e6be-43dd-83f9-8eb4d9bba2a4",,"East North Avenue and SR 79","{""lng"":-85.67892,""lat"":30.80256034}",true,"Ingram Signalization Inc.","","SMARTLINK",1,"DETECTION;INTERSECTION_MONITORING","GOOD","","TrafficLink"
"e0c1c53a-76ed-40a4-905e-ffd5eebec1ef",,"East Pennsylvania Avenue and SR 79","{""lng"":-85.67956182,""lat"":30.7920547}",true,"Ingram Signalization Inc.","","SMARTLINK",1,"DETECTION;INTERSECTION_MONITORING","GOOD","","TrafficLink"
"2b317d17-f254-49e3-9276-720c4eba8ce5",,"Farren Ranch Road and US 231","{""lng"":-85.38687,""lat"":30.733608}",true,"Ingram Signalization Inc.","","SMARTLINK",1,"DETECTION;INTERSECTION_MONITORING","CRITICAL","POWER_OFF","TrafficLink"
"8ccdaec0-cd93-4e56-a19f-50cf5235ec3c",,"Garden St and D St/Barrancas Ave","{""lng"":-87.22948421,""lat"":30.41132689}",true,"Ingram Signalization Inc.","","CORE;CORE_DCM;SMARTVIEW_360",1,"DETECTION;INTERSECTION_MONITORING","GOOD","","TrafficLink"
"3e91bb30-d19e-4a0b-8b31-11eb9f16f156",,"George Boulevard and Bear Road","{""lng"":-81.42241,""lat"":27.443314}",true,"Ingram Signalization Inc.","","",0,"DETECTION;INTERSECTION_MONITORING","GOOD","","TrafficLink"
"b4376242-a4c3-49ff-8014-29bee73c569d",,"Gregory St and Tarragona St","{""lng"":-87.21340763,""lat"":30.41626331}",true,"Ingram Signalization Inc.","","SMARTVIEW_360",0,"DETECTION;INTERSECTION_MONITORING","GOOD","","TrafficLink"
"6325f0b8-0025-443d-b800-adea13b8bcab",,"HWY 90 and HWY 77","{""lng"":-85.53843125,""lat"":30.77954409}",true,"Ingram Signalization Inc.","","CORE;CORE_DCM;SMARTVIEW_360;THIRD_PARTY_CAMERA",2,"DETECTION;INTERSECTION_MONITORING","CRITICAL","PERIPHERAL_UNAVAILABLE","TrafficLink"
"d1904347-093a-4a5d-acfd-a735aae6bfed",,"I-10 Exit 130 (US 231) Counts","{""lng"":-85.38145,""lat"":30.75313}",true,"Ingram Signalization Inc.","","SMARTLINK;SMARTSENSE;SMARTVIEW_360",0,"DETECTION;INTERSECTION_MONITORING","CRITICAL","PERIPHERAL_UNAVAILABLE","TrafficLink"
"82b25c79-86d1-4059-b5cd-f4b59fef739b",,"I-10 Exit 31 (SR 87) Counts","{""lng"":-86.96312584,""lat"":30.61885264}",true,"Ingram Signalization Inc.","","SMARTLINK;SMARTSENSE;SMARTVIEW_360",0,"DETECTION;INTERSECTION_MONITORING","GOOD","","TrafficLink"
"d8129346-bf6c-4df3-a0c2-9878223aeaab",,"I-10 Exit 56 (SR 85) Counts","{""lng"":-86.56865616,""lat"":30.72567021}",true,"Ingram Signalization Inc.","","SMARTVIEW_360",0,"DETECTION;INTERSECTION_MONITORING","GOOD","","TrafficLink"
"81033a00-a0fa-4ff1-98af-2e6bcf549dbc",,"I-10 Exit 85 (US 331) Counts","{""lng"":-86.12251328,""lat"":30.69216114}",true,"Ingram Signalization Inc.","","SMARTLINK;SMARTSENSE;SMARTVIEW_360",0,"DETECTION;INTERSECTION_MONITORING;MOBILITY_REPORTS","GOOD","","TrafficLink"
"999db833-5757-4176-bd19-2f8837c6fe53",,"John Knox Road and North Meridian Road","{""lng"":-84.27728835,""lat"":30.4745822}",true,"Ingram Signalization Inc.","","SMARTVIEW_360",1,"DETECTION;INTERSECTION_MONITORING","CRITICAL","POWER_OFF;TELEMETRY_UNAVAILABLE;DETECTOR_FAIL_HIGH","TrafficLink"
"94208a3e-c37a-43d9-92c1-bdde61643c91",,"Kelson Avenue and SR 166","{""lng"":-85.22654,""lat"":30.783237}",true,"Ingram Signalization Inc.","","SMARTLINK",1,"DETECTION;INTERSECTION_MONITORING","GOOD","","TrafficLink"
"dd9bfb29-5c5b-42e9-ae64-8c024e3d1f1f",,"Lafayette Street and Green Street","{""lng"":-85.22766268,""lat"":30.77419575}",true,"Ingram Signalization Inc.","","SMARTLINK",1,"DETECTION;INTERSECTION_MONITORING","GOOD","","TrafficLink"
"c429b873-d65b-4c6d-90bd-dd9f95884483",,"Lafayette Street and Jefferson Street","{""lng"":-85.22667,""lat"":30.773993}",true,"Ingram Signalization Inc.","","SMARTLINK",1,"DETECTION;INTERSECTION_MONITORING","GOOD","","TrafficLink"
"0e988afc-3ef4-4aab-ae97-02702e6a7294",,"Lafayette Street and Madison Street","{""lng"":-85.22561929,""lat"":30.77403832}",true,"Ingram Signalization Inc.","","SMARTLINK",1,"DETECTION;INTERSECTION_MONITORING","GOOD","","TrafficLink"
"5cd5d94c-bac8-4de3-a9d0-b1fee1cdc224",,"M L King Jr Boulevard and SR 267","{""lng"":-84.59238,""lat"":30.578068}",true,"Ingram Signalization Inc.","","SMARTLINK",1,"DETECTION;INTERSECTION_MONITORING","GOOD","","TrafficLink"
"da233d04-70b9-488c-9138-a9cb3d1834df",,"Mahan Drive and Lagniappe Way","{""lng"":-84.21810279,""lat"":30.46347444}",true,"Ingram Signalization Inc.","","",0,"DETECTION;INTERSECTION_MONITORING","GOOD","","TrafficLink"
"d9cd9db5-df1d-4067-afb2-1e9a173ae33b",,"Main Street and Church Avenue","{""lng"":-85.53872146,""lat"":30.78179338}",true,"Ingram Signalization Inc.","","SMARTLINK",1,"DETECTION;INTERSECTION_MONITORING","GOOD","","TrafficLink"
"c8c46b12-4acd-49de-a820-2658444c6e79",,"Main Street and Nadia Avenue","{""lng"":-85.550748,""lat"":30.75160657}",true,"Ingram Signalization Inc.","","SMARTLINK",1,"DETECTION;INTERSECTION_MONITORING","GOOD","","TrafficLink"
"8b662614-e9a4-4a43-a3ec-d7725778b051",,"Main Street and Nearing Hills Drive","{""lng"":-85.55020619,""lat"":30.75337685}",true,"Ingram Signalization Inc.","","SMARTLINK",1,"DETECTION;INTERSECTION_MONITORING","GOOD","","TrafficLink"
"5bc3bb69-5501-4ab4-9e12-b5f0cb44ea4c",,"Mary Esther Blvd and Wright Pkwy","{""lng"":-86.64019706,""lat"":30.42697797}",true,"Ingram Signalization Inc.","","",0,"DETECTION;INTERSECTION_MONITORING","GOOD","","TrafficLink"
"8516b767-6265-4a89-a7d9-b0f7d7537dac",,"Mioproxy","{""lng"":-85.44166209,""lat"":30.61650902}",true,"Ingram Signalization Inc.","","SMARTLINK",0,"DETECTION;INTERSECTION_MONITORING","GOOD","","TrafficLink"
"4f7df22f-38d7-4aa8-b06e-fb64eccf98c4",,"Miracle Strip Parkway and Santa Rosa Boulevard","{""lng"":-86.59795531,""lat"":30.39799603}",true,"Ingram Signalization Inc.","","CORE;CORE_DCM;SMARTVIEW_360",0,"DETECTION;INTERSECTION_MONITORING;MOBILITY_REPORTS","GOOD","","TrafficLink"
"1e25ae7f-dcff-42c4-9d71-45cd4df8f485",,"Monument Avenue and Marina Drive","{""lng"":-85.30494446,""lat"":29.81579274}",true,"Ingram Signalization Inc.","","SMARTLINK",1,"DETECTION;INTERSECTION_MONITORING","GOOD","","TrafficLink"
"48ac8b8a-8b5f-47a1-99c8-bcbb30fd55d9",,"North Mission Road and West Tennessee Street","{""lng"":-84.3378601,""lat"":30.45291679}",true,"Ingram Signalization Inc.","","CORE;CORE_DCM;SMARTVIEW_360",1,"DETECTION;INTERSECTION_MONITORING;MOBILITY_REPORTS","CRITICAL","POWER_OFF;TELEMETRY_UNAVAILABLE","TrafficLink"
"5d47ac49-4a89-40a2-8f47-deafb6f11058",,"Penn Avenue and Old Cottondale Road","{""lng"":-85.25205,""lat"":30.777203}",true,"Ingram Signalization Inc.","","SMARTLINK",1,"DETECTION;INTERSECTION_MONITORING","CRITICAL","TELEMETRY_UNAVAILABLE;FLASHING;PERIPHERAL_UNAVAILABLE","TrafficLink"
"f960523a-3946-487f-b2e8-6d239c241cbe",,"Racetrack Rd and Choctaw High School","{""lng"":-86.61963602,""lat"":30.44916438}",true,"Ingram Signalization Inc.","","SMARTVIEW_360",0,"DETECTION;INTERSECTION_MONITORING","GOOD","","TrafficLink"
"7ee3f395-1a27-43e5-8232-c47aa8f865b3",,"River Forest Road and Caverns Road","{""lng"":-85.22466,""lat"":30.791306}",true,"Ingram Signalization Inc.","","SMARTLINK",1,"DETECTION;INTERSECTION_MONITORING","CRITICAL","POWER_OFF","TrafficLink"
"99a1bbe5-ce7f-4ccb-823e-95ae6d9df2fb",,"Senator Pat Thomas Boulevard and West Tennessee Street","{""lng"":-84.34161153,""lat"":30.45475162}",true,"Ingram Signalization Inc.","","CORE;CORE_DCM;SMARTVIEW_360",1,"DETECTION;INTERSECTION_MONITORING","CRITICAL","POWER_OFF;TELEMETRY_UNAVAILABLE","TrafficLink"
"25dcaf22-74ea-4d88-8dfe-49635a949eba",,"Spare ITS Trailer (OFFLINE)","{""lng"":-85.71109287,""lat"":30.63110622}",true,"Ingram Signalization Inc.","","SMARTLINK;THIRD_PARTY_CAMERA",0,"DETECTION;INTERSECTION_MONITORING","CRITICAL","POWER_OFF;PERIPHERAL_UNAVAILABLE","TrafficLink"
"00e0927b-692e-4724-a8e2-cacc7a56e055",,"SR 10 and Adams Street","{""lng"":-84.57699163,""lat"":30.58816773}",true,"Ingram Signalization Inc.","","SMARTLINK",1,"DETECTION;INTERSECTION_MONITORING","WARNING","DETECTOR_FAIL_HIGH","TrafficLink"
"e9c4a439-f111-4339-93ec-ac86dd2fd18c",,"SR 10 and Boliver Street","{""lng"":-84.84783941,""lat"":30.70485813}",true,"Ingram Signalization Inc.","","SMARTLINK",1,"DETECTION;INTERSECTION_MONITORING","GOOD","","TrafficLink"
"122670e6-ede9-435d-b23a-db8028b2cc71",,"SR 10 and Cleveland Street","{""lng"":-84.596214,""lat"":30.586485}",true,"Ingram Signalization Inc.","","SMARTLINK",1,"DETECTION;INTERSECTION_MONITORING","GOOD","","TrafficLink"
"6f016a24-7ae9-4221-82ac-0b9189c83fc7",,"SR 10 and Duval Street","{""lng"":-84.574715,""lat"":30.588326}",true,"Ingram Signalization Inc.","","SMARTLINK",1,"DETECTION;INTERSECTION_MONITORING","WARNING","DETECTOR_FAIL_HIGH","TrafficLink"
"83ea8467-ff80-4662-9dfd-85a7229cfd75",,"SR 10 and Jackson Street","{""lng"":-84.57926078,""lat"":30.5881354}",true,"Ingram Signalization Inc.","","SMARTLINK",1,"DETECTION;INTERSECTION_MONITORING","GOOD","","TrafficLink"
"a959ccf3-1fe0-4471-a7ed-5a73c8b41ad0",,"SR 10 and Madison Street","{""lng"":-84.57576506,""lat"":30.58817732}",true,"Ingram Signalization Inc.","","SMARTLINK",1,"DETECTION;INTERSECTION_MONITORING","GOOD","","TrafficLink"
"9d9c851f-243f-4e11-89ea-28755acd7546",,"SR 10 and Mainstreet","{""lng"":-84.84337673,""lat"":30.70499601}",true,"Ingram Signalization Inc.","","SMARTLINK",1,"DETECTION;INTERSECTION_MONITORING","GOOD","","TrafficLink"
"7a80f324-3f63-43e1-bb99-65b613c3ce0e",,"SR 10 and Monroe Street","{""lng"":-84.57824,""lat"":30.588217}",true,"Ingram Signalization Inc.","","SMARTLINK",1,"DETECTION;INTERSECTION_MONITORING","GOOD","","TrafficLink"
"fa5072aa-fb54-478c-8a2a-7c3bbd0f3e2c",,"SR 10 and SR 267","{""lng"":-84.59109513,""lat"":30.58803165}",true,"Ingram Signalization Inc.","","SMARTLINK",1,"DETECTION;INTERSECTION_MONITORING","GOOD","","TrafficLink"
"e88a9f46-5752-43a1-ba15-56d7ff09f50f",,"SR 10 and SR 269 (Bypass)","{""lng"":-84.54984,""lat"":30.571732}",true,"Ingram Signalization Inc.","","SMARTLINK",1,"DETECTION;INTERSECTION_MONITORING","WARNING","DETECTOR_FAIL_HIGH","TrafficLink"
"23e79d0c-1692-4d38-b22e-61c5d2ca90ae",,"SR 10 and Stewart Street","{""lng"":-84.58126,""lat"":30.587946}",true,"Ingram Signalization Inc.","","SMARTLINK",1,"DETECTION;INTERSECTION_MONITORING","GOOD","","TrafficLink"
"76841559-f352-41d5-a859-0ee7f491a47b",,"SR 267 @ SR 363","{""lng"":-84.22967059,""lat"":30.23200777}",true,"Ingram Signalization Inc.","","SMARTLINK",1,"DETECTION;INTERSECTION_MONITORING","GOOD","","TrafficLink"
"a1ed880f-cac4-423b-918f-2bcf65304787",,"SR 267 and King Street","{""lng"":-84.57709,""lat"":30.59106}",true,"Ingram Signalization Inc.","","SMARTLINK",1,"DETECTION;INTERSECTION_MONITORING","GOOD","","TrafficLink"
"c1da2dc8-a35c-4e1a-a312-58d791187fc7",,"SR 267 and Washington Street","{""lng"":-84.576996,""lat"":30.589245}",true,"Ingram Signalization Inc.","","SMARTLINK",1,"DETECTION;INTERSECTION_MONITORING","GOOD","","TrafficLink"
"f5bc96ed-b02f-424b-a09c-3148f705f075",,"SR 30 @ SR 71","{""lng"":-85.30328713,""lat"":29.81175121}",true,"Ingram Signalization Inc.","","SMARTLINK",1,"DETECTION;INTERSECTION_MONITORING","GOOD","","TrafficLink"
"c13e9ac1-4d2c-49dc-972e-98b6ad823c6f",,"SR 319 and Arran Road","{""lng"":-84.37517,""lat"":30.176188}",true,"Ingram Signalization Inc.","","SMARTLINK",1,"DETECTION;INTERSECTION_MONITORING","GOOD","","TrafficLink"
"8f345724-8019-4c93-95b0-d9f1f7cac33a",,"SR 369  @  IVAN CHURCH RD/WALMART","{""lng"":-84.36262,""lat"":30.215714}",true,"Ingram Signalization Inc.","","SMARTLINK",1,"DETECTION;INTERSECTION_MONITORING","GOOD","","TrafficLink"
"644f4306-16c4-4aff-8c7a-e23826e69fcf",,"SR 369 and Wakulla Arran Road","{""lng"":-84.37103,""lat"":30.194407}",true,"Ingram Signalization Inc.","","SMARTLINK",1,"DETECTION;INTERSECTION_MONITORING","GOOD","","TrafficLink"
"9a6cf375-37d2-4e5d-8b5e-e1f60ae1b62d",,"SR 63 and 7th Avenue East","{""lng"":-84.41530354,""lat"":30.62563829}",true,"Ingram Signalization Inc.","","SMARTLINK",1,"DETECTION;INTERSECTION_MONITORING","GOOD","","TrafficLink"
"d6ace65a-cdbc-41d4-a505-f29582fecff3",,"SR 63 and 9th Ave","{""lng"":-84.415535,""lat"":30.62396}",true,"Ingram Signalization Inc.","","SMARTLINK",1,"DETECTION;INTERSECTION_MONITORING","GOOD","","TrafficLink"
"c22c9545-40e8-480f-831f-a095de4fa7f3",,"SR 71 @ Fort Rd","{""lng"":-85.16235327,""lat"":30.87001124}",true,"Ingram Signalization Inc.","","SMARTLINK",1,"DETECTION;INTERSECTION_MONITORING","CRITICAL","TELEMETRY_UNAVAILABLE;PERIPHERAL_UNAVAILABLE;DETECTOR_FAIL_HIGH","TrafficLink"
"af5b0047-f445-45ab-8fc8-633626d0069d",,"SR 71 and Blue Springs Road","{""lng"":-85.19152,""lat"":30.780853}",true,"Ingram Signalization Inc.","","SMARTLINK",1,"DETECTION;INTERSECTION_MONITORING","GOOD","","TrafficLink"
"dc531c04-922d-4afc-8076-b5509be1d00e",,"SR 71 and Caverns Road","{""lng"":-85.17482,""lat"":30.811985}",true,"Ingram Signalization Inc.","","SMARTLINK",1,"DETECTION;INTERSECTION_MONITORING","GOOD","","TrafficLink"
"e844ac06-0129-4bf4-b2a5-09e0f6c4c0a6",,"SR 71 and Pelt Street","{""lng"":-85.202255,""lat"":30.770334}",true,"Ingram Signalization Inc.","","SMARTLINK",1,"DETECTION;INTERSECTION_MONITORING","GOOD","","TrafficLink"
"7ebcd39e-1249-46cb-82b8-f080d23a5bd4",,"SR 71 and SR 22","{""lng"":-85.200455,""lat"":30.112597}",true,"Ingram Signalization Inc.","","SMARTLINK",1,"DETECTION;INTERSECTION_MONITORING","GOOD","","TrafficLink"
"383223ca-ec28-4eea-bf39-0c30afec60d0",,"SR 71 and SR 69","{""lng"":-85.04612,""lat"":30.450531}",true,"Ingram Signalization Inc.","","SMARTLINK",1,"DETECTION;INTERSECTION_MONITORING","GOOD","","TrafficLink"
"139a8677-4531-41f3-ba45-c39af6a4fde2",,"SR 77 and Brickyard Road","{""lng"":-85.54193639,""lat"":30.76453941}",true,"Ingram Signalization Inc.","","SMARTLINK",1,"DETECTION;INTERSECTION_MONITORING","GOOD","","TrafficLink"
"e269bb8d-03cd-48a5-b961-92d754eefdb5",,"SR 77 and Glenwood Avenue","{""lng"":-85.53926,""lat"":30.789938}",true,"Ingram Signalization Inc.","","SMARTLINK",1,"DETECTION;INTERSECTION_MONITORING","GOOD","","TrafficLink"
"f147fe2f-0504-4c58-90d2-2a0baefc9ecc",,"SR 77 and South Boulevard","{""lng"":-85.53746589,""lat"":30.77178738}",true,"Ingram Signalization Inc.","","SMARTLINK",1,"DETECTION;INTERSECTION_MONITORING","GOOD","","TrafficLink"
"0dd5a1d9-549c-4c89-9ee6-57d3a38e5bdc",,"SR 79 and Court Avenue","{""lng"":-85.7122712,""lat"":30.62485845}",true,"Ingram Signalization Inc.","","SMARTLINK",1,"DETECTION;INTERSECTION_MONITORING","GOOD","","TrafficLink"
"5a3ff617-830f-480a-b28b-dc9fff4f8240",,"SR 85 and P J Adams Pkwy","{""lng"":-86.57018833,""lat"":30.71143347}",true,"Ingram Signalization Inc.","","CORE;CORE_DCM;SMARTVIEW_360",0,"DETECTION;INTERSECTION_MONITORING","GOOD","","TrafficLink"
"0ff4f648-5c4b-4ca3-b522-5b10cccb9bfd",,"SR 90 and Borden Street","{""lng"":-85.23592,""lat"":30.776678}",true,"Ingram Signalization Inc.","","SMARTLINK",1,"DETECTION;INTERSECTION_MONITORING","GOOD","","TrafficLink"
"87dde73f-7309-414d-bbcf-a30c2149108f",,"SR 90 and Penn Avenue","{""lng"":-85.250084,""lat"":30.784243}",true,"Ingram Signalization Inc.","","SMARTLINK",1,"DETECTION;INTERSECTION_MONITORING","GOOD","","TrafficLink"
"95ea0bea-c4cb-4139-b66b-c52e87d335ab",,"SR 90 and Smith Street","{""lng"":-85.24180319,""lat"":30.78079995}",true,"Ingram Signalization Inc.","","SMARTLINK",1,"DETECTION;INTERSECTION_MONITORING","CRITICAL","POWER_OFF","TrafficLink"
"b3096bf4-d6eb-47d8-aeff-a8fb8c8fc01d",,"SR-79 at CR-284 (New Hope Washout)","{""lng"":-85.52602073,""lat"":30.7802366}",true,"Ingram Signalization Inc.","","SMARTLINK;THIRD_PARTY_CAMERA",0,"DETECTION;INTERSECTION_MONITORING","CRITICAL","POWER_OFF","TrafficLink"
"cf66776c-8e3d-4133-ad83-6f547700fdf4",,"US 231 @ QT","{""lng"":-85.37935,""lat"":30.757986}",true,"Ingram Signalization Inc.","","CORE;THIRD_PARTY_CAMERA",0,"DETECTION;INTERSECTION_MONITORING","GOOD","","TrafficLink"
"0b6340c9-3ead-45db-b5c7-92fa0b96f687",,"US 231 and Dilmore Rd","{""lng"":-85.383644,""lat"":30.74846}",true,"Ingram Signalization Inc.","","SMARTLINK",1,"DETECTION;INTERSECTION_MONITORING","GOOD","","TrafficLink"
"095fb93f-fccb-4e85-83c0-ae5732c9a32e",,"US 231 and I-10 EB Off Ramp","{""lng"":-85.38228,""lat"":30.75179}",true,"Ingram Signalization Inc.","","SMARTLINK",1,"DETECTION;INTERSECTION_MONITORING","GOOD","","TrafficLink"
"62ada43d-6f67-4bda-aa1c-c4969420b422",,"US 231 and I-10 WB Off Ramp","{""lng"":-85.38096452,""lat"":30.75525498}",true,"Ingram Signalization Inc.","","SMARTLINK",1,"DETECTION;INTERSECTION_MONITORING","CRITICAL","PERIPHERAL_UNAVAILABLE;TELEMETRY_UNAVAILABLE","TrafficLink"
"fb828421-a55d-4f51-91d1-51b8fcaafd4b",,"US 319 and East Ivan Road","{""lng"":-84.36238303,""lat"":30.22369625}",true,"Ingram Signalization Inc.","","CORE_DCM;SMARTLINK",0,"DETECTION;INTERSECTION_MONITORING;MOBILITY_REPORTS","CRITICAL","POWER_OFF","TrafficLink"
"756731e7-6a91-4499-9617-2df06d11177f",,"US 90 and Old Bethel Rd/Enzor Rd","{""lng"":-86.59717872,""lat"":30.76503229}",true,"Ingram Signalization Inc.","","CORE;CORE_DCM;SMARTVIEW_360",1,"DETECTION;INTERSECTION_MONITORING","GOOD","","TrafficLink"
"82836953-8343-45a7-9912-e024c0803e9f",,"US 90 and SR 79","{""lng"":-85.67963,""lat"":30.78805}",true,"Ingram Signalization Inc.","","SMARTLINK;THIRD_PARTY_CAMERA",1,"DETECTION;INTERSECTION_MONITORING","GOOD","","TrafficLink"
"b608dfb2-2ec2-4582-98c2-c532f9a0e18e",,"US 90 at Noland Street","{""lng"":-85.22107656,""lat"":30.77388298}",true,"Ingram Signalization Inc.","","SMARTLINK",1,"DETECTION;INTERSECTION_MONITORING","GOOD","","TrafficLink"
"ca19178f-b151-4097-bc14-bdb01cb301c7",,"US 98 and Beal Pkwy SW","{""lng"":-86.61324196,""lat"":30.40413596}",true,"Ingram Signalization Inc.","","SMARTVIEW_360",0,"DETECTION;INTERSECTION_MONITORING;MOBILITY_REPORTS","GOOD","","TrafficLink"
"31eb03f0-206b-4424-a412-e955c45054df",,"US 98 and Doolittle Blvd","{""lng"":-86.66479835,""lat"":30.40971784}",true,"Ingram Signalization Inc.","","",0,"DETECTION;INTERSECTION_MONITORING","CRITICAL","POWER_OFF","TrafficLink"
"8945fcf7-f915-4267-8762-551bfb1a87f8",,"US 98 and Mary Esther Blvd","{""lng"":-86.65573837,""lat"":30.40939864}",true,"Ingram Signalization Inc.","","SMARTVIEW_360",0,"DETECTION;INTERSECTION_MONITORING;MOBILITY_REPORTS","CRITICAL","POWER_OFF","TrafficLink"
"d28e43d9-47f0-49ce-bffe-1dd32c78442f",,"US 98;US 319 and Island Dr","{""lng"":-84.88800795,""lat"":29.73618779}",true,"Ingram Signalization Inc.","","CORE;CORE_DCM;SMARTVIEW_360;THIRD_PARTY_CAMERA",1,"DETECTION;INTERSECTION_MONITORING","GOOD","","TrafficLink"
"2891ece5-cac8-4607-9b63-1f895da6ccf3",,"US HWY 90 and Parkmore Plaza/Jaimee Leigh Dr","{""lng"":-87.0654675,""lat"":30.6054571}",true,"Ingram Signalization Inc.","","CORE;CORE_DCM;SMARTVIEW_360",0,"DETECTION;INTERSECTION_MONITORING","GOOD","","TrafficLink"
"f700fb0d-6fd8-4bcb-a1be-8b55fbcc52d7",,"West Tennessee Street and Block Ct","{""lng"":-84.33209237,""lat"":30.45004098}",true,"Ingram Signalization Inc.","","CORE;CORE_DCM;SMARTVIEW_360",1,"DETECTION;INTERSECTION_MONITORING;MOBILITY_REPORTS","CRITICAL","POWER_OFF","TrafficLink"
"73f6bf9c-da61-4f39-ad4d-c7239a164b2e",,"White Avenue and Cotton Street","{""lng"":-85.51670908,""lat"":30.96253293}",true,"Ingram Signalization Inc.","","SMARTLINK",1,"DETECTION;INTERSECTION_MONITORING","GOOD","","TrafficLink"
"16df97ef-fc9c-4fcc-8dd0-6e09ce8d080e",,"White Drive and West Tennessee Street","{""lng"":-84.32615995,""lat"":30.44704135}",true,"Ingram Signalization Inc.","","CORE;CORE_DCM;SMARTVIEW_360",1,"DETECTION;INTERSECTION_MONITORING","CRITICAL","POWER_OFF","TrafficLink"
"db6b26c6-c75d-4105-b64a-610307db0d28",,"Wynn Street and SR 90","{""lng"":-85.23179,""lat"":30.775457}",true,"Ingram Signalization Inc.","","SMARTLINK",1,"DETECTION;INTERSECTION_MONITORING","GOOD","","TrafficLink"